id;name;file;uuid;created_at;file_type
1;mobile Fish;Home Loan Account Table Computer;Trace;2019-09-28T05:37:26;PNG
2;Producer;Implementation Electronics Officer;methodology Albania;2019-09-28T03:15:58;JPEG
3;enable Gorgeous Frozen Pants;Common;Savings Account syndicate Planner;2019-09-28T02:25:50;PNG
4;Table Small Frozen Sausages Planner;envisioneer Music Public-key;infomediaries;2019-09-28T10:42:14;PDF
5;incentivize Tuna copy;Costa Rica Mayotte;Industrial;2019-09-27T17:25:05;TXT
6;National Awesome sky blue;Tactics;scale interactive generating;2019-09-28T05:04:15;PNG
7;Car Industrial deliverables;orange Books;magenta monitor 1080p;2019-09-27T23:05:23;TXT
8;Frozen IB;Highway Ergonomic;moratorium moratorium;2019-09-27T20:07:21;PDF
9;embrace Developer;synthesize Idaho compress;Sleek Metal Table Small;2019-09-28T03:05:20;PNG
10;withdrawal knowledge base Buckinghamshire;Concrete Investment Account Saint Lucia;User-centric;2019-09-28T11:47:07;JPEG
